city,month,date,temp_min,temp_max,precipitation
Mont Saint Michel,2024-01,2024-01-16 00:00:00,2.235483870967742,8.396774193548387,2.8
Mont Saint Michel,2024-02,2024-02-15 00:00:00,7.144827586206896,11.924137931034483,3.813793103448276
Mont Saint Michel,2024-03,2024-03-16 00:00:00,5.445161290322581,12.738709677419354,2.509677419354839
Mont Saint Michel,2024-04,2024-04-15 12:00:00,7.180000000000001,14.5,2.3
Mont Saint Michel,2024-05,2024-05-16 00:00:00,10.135483870967741,17.345161290322583,3.6451612903225805
Mont Saint Michel,2024-06,2024-06-15 12:00:00,11.136666666666667,19.040000000000003,1.24
Mont Saint Michel,2024-07,2024-07-16 00:00:00,13.903225806451612,21.461290322580645,2.767741935483871
Mont Saint Michel,2024-08,2024-08-16 00:00:00,15.029032258064515,23.24516129032258,1.8774193548387097
Mont Saint Michel,2024-09,2024-09-15 12:00:00,12.129999999999999,18.886666666666667,4.2733333333333325
Mont Saint Michel,2024-10,2024-10-16 00:00:00,10.438709677419356,16.990322580645163,3.729032258064516
Mont Saint Michel,2024-11,2024-11-15 12:00:00,7.463333333333334,12.733333333333333,3.256666666666667
Mont Saint Michel,2024-12,2024-12-16 00:00:00,5.54516129032258,10.03225806451613,2.7580645161290325
St Malo,2024-01,2024-01-16 00:00:00,-14.558064516129033,-7.354838709677419,0.5967741935483871
St Malo,2024-02,2024-02-15 00:00:00,-9.358620689655172,-0.6206896551724138,0.8758620689655173
St Malo,2024-03,2024-03-16 00:00:00,-9.04516129032258,1.6419354838709677,0.49677419354838703
St Malo,2024-04,2024-04-15 12:00:00,-0.09333333333333334,12.156666666666666,1.3633333333333333
St Malo,2024-05,2024-05-16 00:00:00,7.090322580645162,16.94193548387097,3.7483870967741937
St Malo,2024-06,2024-06-15 12:00:00,11.696666666666665,21.583333333333332,3.14
St Malo,2024-07,2024-07-16 00:00:00,16.087096774193547,26.293548387096774,3.7451612903225806
St Malo,2024-08,2024-08-16 00:00:00,15.006451612903225,24.45483870967742,4.725806451612903
St Malo,2024-09,2024-09-15 12:00:00,14.066666666666666,23.82,2.4433333333333334
St Malo,2024-10,2024-10-16 00:00:00,4.448387096774193,14.138709677419355,0.9225806451612902
St Malo,2024-11,2024-11-15 12:00:00,-3.6266666666666665,3.216666666666667,1.8833333333333333
St Malo,2024-12,2024-12-16 00:00:00,-13.141935483870967,-5.738709677419355,1.1096774193548387
Bayeux,2024-01,2024-01-16 00:00:00,2.3096774193548386,8.083870967741936,3.203225806451613
Bayeux,2024-02,2024-02-15 00:00:00,7.189655172413793,11.710344827586209,3.5827586206896553
Bayeux,2024-03,2024-03-16 00:00:00,5.493548387096775,12.680645161290323,2.338709677419355
Bayeux,2024-04,2024-04-15 12:00:00,7.446666666666667,14.333333333333334,1.8766666666666665
Bayeux,2024-05,2024-05-16 00:00:00,9.812903225806451,17.322580645161292,3.041935483870968
Bayeux,2024-06,2024-06-15 12:00:00,10.756666666666666,18.46333333333333,1.1866666666666668
Bayeux,2024-07,2024-07-16 00:00:00,13.667741935483871,21.719354838709677,1.929032258064516
Bayeux,2024-08,2024-08-16 00:00:00,14.593548387096773,23.103225806451615,1.3096774193548388
Bayeux,2024-09,2024-09-15 12:00:00,11.896666666666667,18.516666666666666,3.2666666666666666
Bayeux,2024-10,2024-10-16 00:00:00,10.206451612903225,16.75483870967742,2.4193548387096775
Bayeux,2024-11,2024-11-15 12:00:00,7.293333333333334,12.256666666666666,2.963333333333333
Bayeux,2024-12,2024-12-16 00:00:00,5.451612903225806,9.8,2.351612903225807
Le Havre,2024-01,2024-01-16 00:00:00,2.9967741935483874,7.619354838709677,3.5258064516129033
Le Havre,2024-02,2024-02-15 00:00:00,7.537931034482758,11.286206896551725,4.8517241379310345
Le Havre,2024-03,2024-03-16 00:00:00,6.529032258064516,12.058064516129033,3.264516129032258
Le Havre,2024-04,2024-04-15 12:00:00,8.483333333333333,13.746666666666666,2.2633333333333336
Le Havre,2024-05,2024-05-16 00:00:00,10.880645161290323,17.212903225806453,3.2483870967741937
Le Havre,2024-06,2024-06-15 12:00:00,12.06,18.083333333333332,1.8666666666666667
Le Havre,2024-07,2024-07-16 00:00:00,15.23225806451613,21.41290322580645,2.2161290322580647
Le Havre,2024-08,2024-08-16 00:00:00,16.37741935483871,22.403225806451612,1.964516129032258
Le Havre,2024-09,2024-09-15 12:00:00,13.276666666666667,18.64333333333333,5.133333333333334
Le Havre,2024-10,2024-10-16 00:00:00,11.203225806451613,16.406451612903226,2.9516129032258065
Le Havre,2024-11,2024-11-15 12:00:00,8.18,12.126666666666667,3.5533333333333332
Le Havre,2024-12,2024-12-16 00:00:00,6.17741935483871,9.738709677419354,3.1322580645161286
Rouen,2024-01,2024-01-16 00:00:00,1.467741935483871,6.948387096774193,2.4064516129032256
Rouen,2024-02,2024-02-15 00:00:00,6.355172413793104,11.431034482758621,4.36896551724138
Rouen,2024-03,2024-03-16 00:00:00,5.209677419354839,12.832258064516129,2.703225806451613
Rouen,2024-04,2024-04-15 12:00:00,7.033333333333333,14.583333333333334,2.55
Rouen,2024-05,2024-05-16 00:00:00,10.138709677419355,17.98709677419355,3.42258064516129
Rouen,2024-06,2024-06-15 12:00:00,10.976666666666667,19.78666666666667,1.64
Rouen,2024-07,2024-07-16 00:00:00,14.23225806451613,22.687096774193545,2.6322580645161286
Rouen,2024-08,2024-08-16 00:00:00,14.941935483870967,24.016129032258064,1.6580645161290322
Rouen,2024-09,2024-09-15 12:00:00,11.916666666666666,19.103333333333335,4.15
Rouen,2024-10,2024-10-16 00:00:00,9.861290322580645,16.55806451612903,3.987096774193548
Rouen,2024-11,2024-11-15 12:00:00,6.3933333333333335,11.416666666666666,2.44
Rouen,2024-12,2024-12-16 00:00:00,4.361290322580645,8.970967741935485,2.4322580645161294
Paris,2024-01,2024-01-16 00:00:00,1.1774193548387097,7.135483870967741,2.096774193548387
Paris,2024-02,2024-02-15 00:00:00,6.103448275862069,11.579310344827586,3.6241379310344826
Paris,2024-03,2024-03-16 00:00:00,5.561290322580645,13.361290322580645,3.425806451612903
Paris,2024-04,2024-04-15 12:00:00,7.093333333333334,15.633333333333333,2.933333333333333
Paris,2024-05,2024-05-16 00:00:00,10.661290322580646,18.793548387096774,4.04516129032258
Paris,2024-06,2024-06-15 12:00:00,11.93,21.2,3.51
Paris,2024-07,2024-07-16 00:00:00,14.987096774193548,24.712903225806453,2.0387096774193547
Paris,2024-08,2024-08-16 00:00:00,15.658064516129032,25.83225806451613,4.351612903225806
Paris,2024-09,2024-09-15 12:00:00,12.016666666666667,19.813333333333333,4.263333333333334
Paris,2024-10,2024-10-16 00:00:00,10.209677419354838,17.287096774193547,3.8032258064516125
Paris,2024-11,2024-11-15 12:00:00,5.8100000000000005,11.17,1.9200000000000002
Paris,2024-12,2024-12-16 00:00:00,3.9483870967741934,8.45483870967742,1.793548387096774
Amiens,2024-01,2024-01-16 00:00:00,1.0064516129032257,6.551612903225807,2.103225806451613
Amiens,2024-02,2024-02-15 00:00:00,6.406896551724138,11.39655172413793,3.3344827586206898
Amiens,2024-03,2024-03-16 00:00:00,5.329032258064516,12.741935483870968,3.664516129032258
Amiens,2024-04,2024-04-15 12:00:00,7.156666666666666,14.596666666666666,2.763333333333333
Amiens,2024-05,2024-05-16 00:00:00,10.138709677419355,18.200000000000003,3.335483870967742
Amiens,2024-06,2024-06-15 12:00:00,10.666666666666666,19.936666666666667,2.1333333333333333
Amiens,2024-07,2024-07-16 00:00:00,14.13225806451613,23.080645161290324,1.5935483870967744
Amiens,2024-08,2024-08-16 00:00:00,15.04516129032258,24.59032258064516,1.3645161290322583
Amiens,2024-09,2024-09-15 12:00:00,12.03,19.82,3.2266666666666666
Amiens,2024-10,2024-10-16 00:00:00,9.716129032258063,16.406451612903226,3.1903225806451614
Amiens,2024-11,2024-11-15 12:00:00,5.46,10.860000000000001,2.6733333333333333
Amiens,2024-12,2024-12-16 00:00:00,3.7096774193548385,8.654838709677419,1.5806451612903225
Lille,2024-01,2024-01-16 00:00:00,1.0129032258064516,6.148387096774194,1.8709677419354838
Lille,2024-02,2024-02-15 00:00:00,5.875862068965517,11.144827586206896,3.8310344827586205
Lille,2024-03,2024-03-16 00:00:00,5.377419354838709,12.332258064516129,2.893548387096774
Lille,2024-04,2024-04-15 12:00:00,7.233333333333333,14.093333333333334,3.003333333333333
Lille,2024-05,2024-05-16 00:00:00,10.399999999999999,18.48709677419355,3.5354838709677416
Lille,2024-06,2024-06-15 12:00:00,10.876666666666667,19.66,2.1266666666666665
Lille,2024-07,2024-07-16 00:00:00,14.109677419354838,22.52258064516129,2.5258064516129033
Lille,2024-08,2024-08-16 00:00:00,15.348387096774195,24.364516129032257,2.5258064516129033
Lille,2024-09,2024-09-15 12:00:00,11.993333333333334,19.7,3.8433333333333333
Lille,2024-10,2024-10-16 00:00:00,9.448387096774193,16.18709677419355,2.42258064516129
Lille,2024-11,2024-11-15 12:00:00,5.163333333333333,10.543333333333333,2.1333333333333333
Lille,2024-12,2024-12-16 00:00:00,3.9000000000000004,8.33548387096774,1.6806451612903226
Strasbourg,2024-01,2024-01-16 00:00:00,-0.529032258064516,5.848387096774194,2.335483870967742
Strasbourg,2024-02,2024-02-15 00:00:00,4.637931034482759,11.351724137931035,2.9896551724137934
Strasbourg,2024-03,2024-03-16 00:00:00,4.735483870967743,13.612903225806452,3.5064516129032257
Strasbourg,2024-04,2024-04-15 12:00:00,6.293333333333334,15.583333333333334,3.966666666666667
Strasbourg,2024-05,2024-05-16 00:00:00,10.993548387096775,19.538709677419355,5.619354838709677
Strasbourg,2024-06,2024-06-15 12:00:00,13.78,22.553333333333335,3.816666666666667
Strasbourg,2024-07,2024-07-16 00:00:00,15.36774193548387,24.948387096774194,3.0806451612903225
Strasbourg,2024-08,2024-08-16 00:00:00,16.212903225806453,26.783870967741933,1.6903225806451612
Strasbourg,2024-09,2024-09-15 12:00:00,12.593333333333334,20.326666666666664,2.7133333333333334
Strasbourg,2024-10,2024-10-16 00:00:00,9.270967741935483,16.419354838709676,3.5032258064516126
Strasbourg,2024-11,2024-11-15 12:00:00,3.51,8.860000000000001,2.8833333333333333
Strasbourg,2024-12,2024-12-16 00:00:00,0.6193548387096774,5.541935483870968,2.4322580645161294
Chateau du Haut Koenigsbourg,2024-01,2024-01-16 00:00:00,-1.9096774193548387,3.667741935483871,2.5580645161290323
Chateau du Haut Koenigsbourg,2024-02,2024-02-15 00:00:00,2.658620689655172,7.979310344827587,2.4620689655172416
Chateau du Haut Koenigsbourg,2024-03,2024-03-16 00:00:00,2.429032258064516,10.051612903225807,2.9645161290322584
Chateau du Haut Koenigsbourg,2024-04,2024-04-15 12:00:00,3.94,12.116666666666667,3.74
Chateau du Haut Koenigsbourg,2024-05,2024-05-16 00:00:00,8.061290322580644,15.658064516129032,5.387096774193548
Chateau du Haut Koenigsbourg,2024-06,2024-06-15 12:00:00,10.82,19.066666666666666,4.373333333333333
Chateau du Haut Koenigsbourg,2024-07,2024-07-16 00:00:00,13.038709677419355,21.470967741935485,2.903225806451613
Chateau du Haut Koenigsbourg,2024-08,2024-08-16 00:00:00,14.029032258064515,23.396774193548385,2.229032258064516
Chateau du Haut Koenigsbourg,2024-09,2024-09-15 12:00:00,9.763333333333332,16.413333333333334,4.01
Chateau du Haut Koenigsbourg,2024-10,2024-10-16 00:00:00,7.232258064516128,13.983870967741936,3.567741935483871
Chateau du Haut Koenigsbourg,2024-11,2024-11-15 12:00:00,1.0033333333333334,7.376666666666667,2.6266666666666665
Chateau du Haut Koenigsbourg,2024-12,2024-12-16 00:00:00,-1.335483870967742,3.9838709677419355,3.051612903225806
Colmar,2024-01,2024-01-16 00:00:00,0.12258064516129032,6.725806451612903,3.309677419354839
Colmar,2024-02,2024-02-15 00:00:00,4.813793103448275,11.648275862068965,3.813793103448276
Colmar,2024-03,2024-03-16 00:00:00,5.283870967741936,13.941935483870967,2.232258064516129
Colmar,2024-04,2024-04-15 12:00:00,6.316666666666666,15.816666666666666,2.9166666666666665
Colmar,2024-05,2024-05-16 00:00:00,10.858064516129033,19.567741935483873,5.248387096774193
Colmar,2024-06,2024-06-15 12:00:00,13.903333333333334,22.813333333333333,4.6066666666666665
Colmar,2024-07,2024-07-16 00:00:00,15.83548387096774,25.187096774193545,3.9935483870967743
Colmar,2024-08,2024-08-16 00:00:00,16.451612903225808,26.838709677419356,2.1838709677419357
Colmar,2024-09,2024-09-15 12:00:00,12.6,19.976666666666667,3.993333333333333
Colmar,2024-10,2024-10-16 00:00:00,9.993548387096775,16.87741935483871,3.338709677419355
Colmar,2024-11,2024-11-15 12:00:00,3.5566666666666666,9.923333333333334,3.993333333333333
Colmar,2024-12,2024-12-16 00:00:00,0.7806451612903226,6.47741935483871,2.990322580645161
Eguisheim,2024-01,2024-01-16 00:00:00,0.06774193548387099,6.661290322580645,3.309677419354839
Eguisheim,2024-02,2024-02-15 00:00:00,4.76551724137931,11.60344827586207,3.813793103448276
Eguisheim,2024-03,2024-03-16 00:00:00,5.238709677419355,13.906451612903227,2.232258064516129
Eguisheim,2024-04,2024-04-15 12:00:00,6.263333333333334,15.770000000000001,2.9166666666666665
Eguisheim,2024-05,2024-05-16 00:00:00,10.806451612903226,19.503225806451614,5.248387096774193
Eguisheim,2024-06,2024-06-15 12:00:00,13.853333333333333,22.776666666666664,4.6066666666666665
Eguisheim,2024-07,2024-07-16 00:00:00,15.8,25.129032258064516,3.9935483870967743
Eguisheim,2024-08,2024-08-16 00:00:00,16.39677419354839,26.783870967741933,2.1838709677419357
Eguisheim,2024-09,2024-09-15 12:00:00,12.566666666666666,19.93,3.993333333333333
Eguisheim,2024-10,2024-10-16 00:00:00,9.935483870967742,16.82903225806452,3.338709677419355
Eguisheim,2024-11,2024-11-15 12:00:00,3.496666666666667,9.870000000000001,3.993333333333333
Eguisheim,2024-12,2024-12-16 00:00:00,0.7354838709677419,6.438709677419355,2.990322580645161
Besancon,2024-01,2024-01-16 00:00:00,0.9322580645161291,7.193548387096774,3.6516129032258067
Besancon,2024-02,2024-02-15 00:00:00,4.613793103448275,10.986206896551725,2.9310344827586206
Besancon,2024-03,2024-03-16 00:00:00,5.4,13.72258064516129,3.2
Besancon,2024-04,2024-04-15 12:00:00,6.336666666666667,15.163333333333332,4.3133333333333335
Besancon,2024-05,2024-05-16 00:00:00,10.158064516129032,18.63225806451613,6.377419354838709
Besancon,2024-06,2024-06-15 12:00:00,13.773333333333333,22.44333333333333,6.046666666666667
Besancon,2024-07,2024-07-16 00:00:00,15.458064516129031,25.351612903225806,4.151612903225806
Besancon,2024-08,2024-08-16 00:00:00,16.461290322580645,26.848387096774193,2.851612903225807
Besancon,2024-09,2024-09-15 12:00:00,11.813333333333333,19.57,4.416666666666667
Besancon,2024-10,2024-10-16 00:00:00,9.964516129032257,18.003225806451614,6.067741935483871
Besancon,2024-11,2024-11-15 12:00:00,3.5,11.103333333333333,3.25
Besancon,2024-12,2024-12-16 00:00:00,-0.26774193548387093,6.051612903225807,3.232258064516129
Dijon,2024-01,2024-01-16 00:00:00,0.6096774193548385,6.593548387096774,1.7419354838709677
Dijon,2024-02,2024-02-15 00:00:00,4.389655172413793,10.6,2.7896551724137932
Dijon,2024-03,2024-03-16 00:00:00,5.02258064516129,13.348387096774195,3.225806451612903
Dijon,2024-04,2024-04-15 12:00:00,6.34,14.770000000000001,3.25
Dijon,2024-05,2024-05-16 00:00:00,10.2,18.438709677419357,4.02258064516129
Dijon,2024-06,2024-06-15 12:00:00,13.370000000000001,22.12,3.21
Dijon,2024-07,2024-07-16 00:00:00,15.051612903225807,24.64516129032258,2.296774193548387
Dijon,2024-08,2024-08-16 00:00:00,16.238709677419354,26.690322580645162,1.2161290322580647
Dijon,2024-09,2024-09-15 12:00:00,11.926666666666668,19.3,2.743333333333333
Dijon,2024-10,2024-10-16 00:00:00,10.12258064516129,17.0,3.861290322580645
Dijon,2024-11,2024-11-15 12:00:00,4.413333333333333,10.156666666666666,2.3466666666666662
Dijon,2024-12,2024-12-16 00:00:00,1.0290322580645161,6.064516129032258,1.8580645161290323
Annecy,2024-01,2024-01-16 00:00:00,-0.0806451612903226,6.84516129032258,3.4064516129032256
Annecy,2024-02,2024-02-15 00:00:00,2.555172413793103,10.448275862068966,2.951724137931034
Annecy,2024-03,2024-03-16 00:00:00,3.148387096774193,13.48709677419355,3.509677419354839
Annecy,2024-04,2024-04-15 12:00:00,5.1899999999999995,15.379999999999999,3.243333333333333
Annecy,2024-05,2024-05-16 00:00:00,9.070967741935483,18.093548387096774,6.196774193548387
Annecy,2024-06,2024-06-15 12:00:00,13.496666666666666,22.82,3.3033333333333337
Annecy,2024-07,2024-07-16 00:00:00,15.919354838709678,26.37741935483871,3.429032258064516
Annecy,2024-08,2024-08-16 00:00:00,16.69677419354839,28.16774193548387,0.7580645161290323
Annecy,2024-09,2024-09-15 12:00:00,10.96,19.15666666666667,5.536666666666666
Annecy,2024-10,2024-10-16 00:00:00,9.083870967741936,17.183870967741935,4.425806451612903
Annecy,2024-11,2024-11-15 12:00:00,2.8433333333333333,11.016666666666667,2.086666666666667
Annecy,2024-12,2024-12-16 00:00:00,-0.9903225806451613,6.241935483870968,3.4451612903225803
Grenoble,2024-01,2024-01-16 00:00:00,1.6419354838709677,9.83548387096774,5.009677419354839
Grenoble,2024-02,2024-02-15 00:00:00,4.596551724137932,13.331034482758621,3.36551724137931
Grenoble,2024-03,2024-03-16 00:00:00,5.106451612903226,15.97741935483871,5.077419354838709
Grenoble,2024-04,2024-04-15 12:00:00,6.383333333333334,17.976666666666667,4.2733333333333325
Grenoble,2024-05,2024-05-16 00:00:00,10.625806451612902,20.674193548387095,6.929032258064517
Grenoble,2024-06,2024-06-15 12:00:00,14.8,25.283333333333335,5.056666666666667
Grenoble,2024-07,2024-07-16 00:00:00,17.187096774193545,28.758064516129032,3.303225806451613
Grenoble,2024-08,2024-08-16 00:00:00,17.919354838709676,29.68064516129032,2.0806451612903225
Grenoble,2024-09,2024-09-15 12:00:00,11.873333333333333,21.793333333333333,8.76
Grenoble,2024-10,2024-10-16 00:00:00,11.016129032258064,21.016129032258064,4.135483870967742
Grenoble,2024-11,2024-11-15 12:00:00,5.473333333333334,14.49,1.91
Grenoble,2024-12,2024-12-16 00:00:00,0.41612903225806447,8.174193548387096,4.958064516129032
Lyon,2024-01,2024-01-16 00:00:00,1.2032258064516128,7.903225806451613,2.1451612903225805
Lyon,2024-02,2024-02-15 00:00:00,3.920689655172414,11.713793103448275,2.420689655172414
Lyon,2024-03,2024-03-16 00:00:00,5.72258064516129,14.77741935483871,5.064516129032258
Lyon,2024-04,2024-04-15 12:00:00,7.663333333333333,16.470000000000002,3.3466666666666667
Lyon,2024-05,2024-05-16 00:00:00,10.538709677419355,19.812903225806455,4.774193548387097
Lyon,2024-06,2024-06-15 12:00:00,15.05,24.03666666666667,3.1266666666666665
Lyon,2024-07,2024-07-16 00:00:00,16.73225806451613,27.425806451612903,3.8451612903225802
Lyon,2024-08,2024-08-16 00:00:00,17.529032258064515,29.04516129032258,1.8580645161290323
Lyon,2024-09,2024-09-15 12:00:00,12.753333333333334,21.17,6.423333333333334
Lyon,2024-10,2024-10-16 00:00:00,11.374193548387098,19.048387096774192,3.8677419354838714
Lyon,2024-11,2024-11-15 12:00:00,5.63,12.003333333333334,2.3833333333333333
Lyon,2024-12,2024-12-16 00:00:00,1.2,6.516129032258065,2.329032258064516
Gorges du Verdon,2024-01,2024-01-16 00:00:00,1.8580645161290323,9.480645161290322,1.0838709677419356
Gorges du Verdon,2024-02,2024-02-15 00:00:00,3.0448275862068965,11.741379310344827,3.579310344827586
Gorges du Verdon,2024-03,2024-03-16 00:00:00,3.3806451612903223,11.95483870967742,6.838709677419355
Gorges du Verdon,2024-04,2024-04-15 12:00:00,5.3133333333333335,14.979999999999999,2.1333333333333333
Gorges du Verdon,2024-05,2024-05-16 00:00:00,8.293548387096775,17.116129032258065,3.648387096774193
Gorges du Verdon,2024-06,2024-06-15 12:00:00,12.610000000000001,23.023333333333333,2.71
Gorges du Verdon,2024-07,2024-07-16 00:00:00,16.690322580645162,28.548387096774192,0.8709677419354839
Gorges du Verdon,2024-08,2024-08-16 00:00:00,17.661290322580644,29.493548387096773,0.16451612903225807
Gorges du Verdon,2024-09,2024-09-15 12:00:00,11.08,20.043333333333333,2.95
Gorges du Verdon,2024-10,2024-10-16 00:00:00,9.961290322580645,17.783870967741933,3.616129032258064
Gorges du Verdon,2024-11,2024-11-15 12:00:00,4.98,13.003333333333334,1.9566666666666668
Gorges du Verdon,2024-12,2024-12-16 00:00:00,0.6032258064516128,9.296774193548387,0.7709677419354839
Bormes les Mimosas,2024-01,2024-01-16 00:00:00,5.964516129032258,13.061290322580644,1.6548387096774193
Bormes les Mimosas,2024-02,2024-02-15 00:00:00,6.520689655172413,14.324137931034482,3.4655172413793105
Bormes les Mimosas,2024-03,2024-03-16 00:00:00,8.312903225806451,15.27741935483871,5.303225806451613
Bormes les Mimosas,2024-04,2024-04-15 12:00:00,9.979999999999999,17.90666666666667,1.5333333333333334
Bormes les Mimosas,2024-05,2024-05-16 00:00:00,12.848387096774195,20.07741935483871,1.8967741935483873
Bormes les Mimosas,2024-06,2024-06-15 12:00:00,16.65,24.653333333333332,0.6166666666666667
Bormes les Mimosas,2024-07,2024-07-16 00:00:00,20.396774193548385,30.003225806451614,0.8290322580645161
Bormes les Mimosas,2024-08,2024-08-16 00:00:00,21.238709677419354,30.393548387096775,0.2903225806451613
Bormes les Mimosas,2024-09,2024-09-15 12:00:00,16.18,24.1,2.36
Bormes les Mimosas,2024-10,2024-10-16 00:00:00,14.803225806451612,20.641935483870967,7.0
Bormes les Mimosas,2024-11,2024-11-15 12:00:00,9.76,16.823333333333334,1.2966666666666666
Bormes les Mimosas,2024-12,2024-12-16 00:00:00,5.641935483870968,13.48709677419355,0.3548387096774194
Cassis,2024-01,2024-01-16 00:00:00,6.674193548387097,13.641935483870967,1.1516129032258065
Cassis,2024-02,2024-02-15 00:00:00,8.386206896551723,15.451724137931036,3.8896551724137933
Cassis,2024-03,2024-03-16 00:00:00,9.2,15.832258064516129,5.319354838709677
Cassis,2024-04,2024-04-15 12:00:00,11.456666666666667,18.926666666666666,1.4033333333333333
Cassis,2024-05,2024-05-16 00:00:00,14.048387096774194,21.29032258064516,1.8580645161290323
Cassis,2024-06,2024-06-15 12:00:00,17.543333333333333,25.63,1.4766666666666668
Cassis,2024-07,2024-07-16 00:00:00,21.25483870967742,30.251612903225805,0.4677419354838709
Cassis,2024-08,2024-08-16 00:00:00,22.425806451612903,31.42258064516129,0.47096774193548385
Cassis,2024-09,2024-09-15 12:00:00,16.906666666666666,24.540000000000003,2.253333333333333
Cassis,2024-10,2024-10-16 00:00:00,15.525806451612903,21.796774193548387,3.4612903225806453
Cassis,2024-11,2024-11-15 12:00:00,10.81,17.696666666666665,2.493333333333333
Cassis,2024-12,2024-12-16 00:00:00,6.838709677419355,13.541935483870969,0.5129032258064516
Marseille,2024-01,2024-01-16 00:00:00,5.912903225806452,12.72258064516129,1.3548387096774193
Marseille,2024-02,2024-02-15 00:00:00,7.513793103448276,15.075862068965517,2.7482758620689656
Marseille,2024-03,2024-03-16 00:00:00,8.903225806451612,15.674193548387096,4.864516129032259
Marseille,2024-04,2024-04-15 12:00:00,10.826666666666666,18.273333333333333,1.1533333333333333
Marseille,2024-05,2024-05-16 00:00:00,13.219354838709679,20.616129032258065,1.6806451612903226
Marseille,2024-06,2024-06-15 12:00:00,17.30666666666667,25.16,1.4533333333333334
Marseille,2024-07,2024-07-16 00:00:00,20.34193548387097,29.203225806451613,0.22903225806451613
Marseille,2024-08,2024-08-16 00:00:00,21.07741935483871,30.516129032258064,0.6548387096774194
Marseille,2024-09,2024-09-15 12:00:00,16.57,23.81,2.82
Marseille,2024-10,2024-10-16 00:00:00,15.080645161290322,21.674193548387095,2.3774193548387097
Marseille,2024-11,2024-11-15 12:00:00,10.106666666666666,17.266666666666666,1.9366666666666668
Marseille,2024-12,2024-12-16 00:00:00,6.087096774193548,12.85483870967742,0.43870967741935485
Aix en Provence,2024-01,2024-01-16 00:00:00,2.296774193548387,11.883870967741935,1.0419354838709676
Aix en Provence,2024-02,2024-02-15 00:00:00,3.968965517241379,14.479310344827585,3.348275862068965
Aix en Provence,2024-03,2024-03-16 00:00:00,6.035483870967742,15.448387096774193,5.983870967741935
Aix en Provence,2024-04,2024-04-15 12:00:00,7.763333333333334,18.166666666666668,1.7666666666666666
Aix en Provence,2024-05,2024-05-16 00:00:00,10.77741935483871,20.98709677419355,3.7161290322580647
Aix en Provence,2024-06,2024-06-15 12:00:00,15.293333333333333,26.696666666666665,2.1133333333333333
Aix en Provence,2024-07,2024-07-16 00:00:00,18.27741935483871,30.980645161290322,0.7870967741935483
Aix en Provence,2024-08,2024-08-16 00:00:00,18.91290322580645,32.43225806451613,0.6516129032258065
Aix en Provence,2024-09,2024-09-15 12:00:00,13.616666666666667,23.816666666666666,2.7199999999999998
Aix en Provence,2024-10,2024-10-16 00:00:00,12.558064516129033,21.348387096774193,2.570967741935484
Aix en Provence,2024-11,2024-11-15 12:00:00,6.343333333333334,16.443333333333335,1.8399999999999999
Aix en Provence,2024-12,2024-12-16 00:00:00,0.970967741935484,11.94516129032258,1.2258064516129032
Avignon,2024-01,2024-01-16 00:00:00,3.293548387096774,11.03225806451613,1.335483870967742
Avignon,2024-02,2024-02-15 00:00:00,6.7379310344827585,14.33448275862069,2.1586206896551725
Avignon,2024-03,2024-03-16 00:00:00,7.94516129032258,16.39677419354839,7.312903225806451
Avignon,2024-04,2024-04-15 12:00:00,9.223333333333333,18.543333333333333,2.396666666666667
Avignon,2024-05,2024-05-16 00:00:00,12.338709677419354,21.335483870967742,5.45483870967742
Avignon,2024-06,2024-06-15 12:00:00,16.67,26.826666666666664,1.6166666666666667
Avignon,2024-07,2024-07-16 00:00:00,19.903225806451612,31.451612903225808,1.0903225806451613
Avignon,2024-08,2024-08-16 00:00:00,20.73548387096774,32.60322580645161,1.2096774193548387
Avignon,2024-09,2024-09-15 12:00:00,14.91,23.84,4.426666666666667
Avignon,2024-10,2024-10-16 00:00:00,13.603225806451613,21.309677419354838,7.109677419354839
Avignon,2024-11,2024-11-15 12:00:00,7.963333333333334,15.303333333333335,1.09
Avignon,2024-12,2024-12-16 00:00:00,3.458064516129032,10.493548387096775,0.4741935483870968
Uzes,2024-01,2024-01-16 00:00:00,3.570967741935484,11.083870967741936,1.2354838709677418
Uzes,2024-02,2024-02-15 00:00:00,6.624137931034483,14.472413793103447,1.9448275862068964
Uzes,2024-03,2024-03-16 00:00:00,7.083870967741936,15.845161290322581,8.26774193548387
Uzes,2024-04,2024-04-15 12:00:00,8.729999999999999,17.796666666666667,2.3733333333333335
Uzes,2024-05,2024-05-16 00:00:00,11.325806451612904,20.51290322580645,5.158064516129032
Uzes,2024-06,2024-06-15 12:00:00,15.58,26.023333333333333,1.9533333333333334
Uzes,2024-07,2024-07-16 00:00:00,19.200000000000003,30.74516129032258,1.164516129032258
Uzes,2024-08,2024-08-16 00:00:00,20.0258064516129,31.787096774193547,0.7612903225806452
Uzes,2024-09,2024-09-15 12:00:00,14.229999999999999,22.970000000000002,4.303333333333333
Uzes,2024-10,2024-10-16 00:00:00,13.264516129032257,20.151612903225807,7.961290322580646
Uzes,2024-11,2024-11-15 12:00:00,7.793333333333334,15.05,1.2
Uzes,2024-12,2024-12-16 00:00:00,3.925806451612903,10.751612903225807,0.6193548387096774
Nimes,2024-01,2024-01-16 00:00:00,3.703225806451613,12.229032258064517,1.261290322580645
Nimes,2024-02,2024-02-15 00:00:00,6.93448275862069,15.617241379310345,1.5724137931034483
Nimes,2024-03,2024-03-16 00:00:00,7.958064516129032,16.90967741935484,6.641935483870967
Nimes,2024-04,2024-04-15 12:00:00,9.266666666666667,18.96333333333333,2.01
Nimes,2024-05,2024-05-16 00:00:00,11.996774193548386,21.55806451612903,4.864516129032259
Nimes,2024-06,2024-06-15 12:00:00,16.343333333333334,27.28666666666667,2.7299999999999995
Nimes,2024-07,2024-07-16 00:00:00,19.82903225806452,32.12903225806452,1.3774193548387097
Nimes,2024-08,2024-08-16 00:00:00,20.970967741935485,33.34838709677419,0.5645161290322581
Nimes,2024-09,2024-09-15 12:00:00,14.91,24.28666666666667,2.8800000000000003
Nimes,2024-10,2024-10-16 00:00:00,13.658064516129032,21.096774193548388,7.761290322580645
Nimes,2024-11,2024-11-15 12:00:00,8.033333333333333,15.94,1.59
Nimes,2024-12,2024-12-16 00:00:00,4.190322580645161,11.5,0.3870967741935484
Aigues Mortes,2024-01,2024-01-16 00:00:00,4.699999999999999,12.661290322580646,1.3548387096774193
Aigues Mortes,2024-02,2024-02-15 00:00:00,7.158620689655172,15.224137931034482,1.2724137931034483
Aigues Mortes,2024-03,2024-03-16 00:00:00,9.2,16.22258064516129,4.751612903225807
Aigues Mortes,2024-04,2024-04-15 12:00:00,10.620000000000001,18.583333333333332,2.02
Aigues Mortes,2024-05,2024-05-16 00:00:00,13.325806451612904,20.55806451612903,4.174193548387097
Aigues Mortes,2024-06,2024-06-15 12:00:00,17.67,25.133333333333333,1.3933333333333333
Aigues Mortes,2024-07,2024-07-16 00:00:00,20.674193548387095,29.83225806451613,0.8612903225806453
Aigues Mortes,2024-08,2024-08-16 00:00:00,21.92258064516129,30.774193548387096,0.6967741935483871
Aigues Mortes,2024-09,2024-09-15 12:00:00,16.17,23.90666666666667,3.04
Aigues Mortes,2024-10,2024-10-16 00:00:00,14.719354838709679,20.929032258064513,4.632258064516129
Aigues Mortes,2024-11,2024-11-15 12:00:00,8.993333333333334,16.66,2.376666666666667
Aigues Mortes,2024-12,2024-12-16 00:00:00,4.725806451612903,12.316129032258065,0.3612903225806452
Saintes Maries de la mer,2024-01,2024-01-16 00:00:00,5.248387096774193,13.016129032258064,1.1580645161290322
Saintes Maries de la mer,2024-02,2024-02-15 00:00:00,7.8,15.586206896551724,0.9379310344827586
Saintes Maries de la mer,2024-03,2024-03-16 00:00:00,9.474193548387097,16.293548387096774,4.370967741935484
Saintes Maries de la mer,2024-04,2024-04-15 12:00:00,11.07,18.673333333333336,1.9366666666666668
Saintes Maries de la mer,2024-05,2024-05-16 00:00:00,13.538709677419355,20.677419354838708,3.670967741935484
Saintes Maries de la mer,2024-06,2024-06-15 12:00:00,17.8,25.333333333333332,1.12
Saintes Maries de la mer,2024-07,2024-07-16 00:00:00,20.690322580645162,29.77741935483871,0.7161290322580646
Saintes Maries de la mer,2024-08,2024-08-16 00:00:00,22.177419354838708,31.177419354838708,0.6419354838709677
Saintes Maries de la mer,2024-09,2024-09-15 12:00:00,16.406666666666666,23.846666666666668,3.23
Saintes Maries de la mer,2024-10,2024-10-16 00:00:00,14.90967741935484,20.932258064516127,4.851612903225806
Saintes Maries de la mer,2024-11,2024-11-15 12:00:00,9.323333333333332,16.826666666666668,2.26
Saintes Maries de la mer,2024-12,2024-12-16 00:00:00,5.0,12.441935483870967,0.5419354838709678
Collioure,2024-01,2024-01-16 00:00:00,6.816129032258065,14.583870967741936,1.1451612903225807
Collioure,2024-02,2024-02-15 00:00:00,9.010344827586207,17.3,1.9620689655172414
Collioure,2024-03,2024-03-16 00:00:00,9.890322580645162,18.293548387096774,2.416129032258065
Collioure,2024-04,2024-04-15 12:00:00,11.42,20.05666666666667,2.74
Collioure,2024-05,2024-05-16 00:00:00,13.780645161290321,21.448387096774194,2.3
Collioure,2024-06,2024-06-15 12:00:00,18.240000000000002,26.663333333333334,1.5633333333333335
Collioure,2024-07,2024-07-16 00:00:00,21.461290322580645,31.700000000000003,0.49032258064516127
Collioure,2024-08,2024-08-16 00:00:00,22.283870967741933,31.716129032258067,1.0903225806451613
Collioure,2024-09,2024-09-15 12:00:00,16.986666666666668,25.236666666666668,1.7633333333333332
Collioure,2024-10,2024-10-16 00:00:00,15.35483870967742,22.01290322580645,2.267741935483871
Collioure,2024-11,2024-11-15 12:00:00,11.826666666666666,17.62,1.8566666666666667
Collioure,2024-12,2024-12-16 00:00:00,7.438709677419355,13.187096774193549,1.796774193548387
Carcassonne,2024-01,2024-01-16 00:00:00,4.906451612903226,11.661290322580646,0.9161290322580645
Carcassonne,2024-02,2024-02-15 00:00:00,6.406896551724138,13.46206896551724,2.4
Carcassonne,2024-03,2024-03-16 00:00:00,7.593548387096774,16.661290322580644,1.929032258064516
Carcassonne,2024-04,2024-04-15 12:00:00,8.943333333333333,18.03666666666667,2.4699999999999998
Carcassonne,2024-05,2024-05-16 00:00:00,11.419354838709678,20.183870967741935,3.232258064516129
Carcassonne,2024-06,2024-06-15 12:00:00,15.966666666666667,26.113333333333333,1.9566666666666668
Carcassonne,2024-07,2024-07-16 00:00:00,18.58709677419355,30.112903225806452,0.8419354838709678
Carcassonne,2024-08,2024-08-16 00:00:00,19.548387096774192,30.509677419354837,0.5096774193548387
Carcassonne,2024-09,2024-09-15 12:00:00,14.356666666666666,23.226666666666667,1.2266666666666666
Carcassonne,2024-10,2024-10-16 00:00:00,13.635483870967741,20.470967741935485,3.2
Carcassonne,2024-11,2024-11-15 12:00:00,8.926666666666668,16.113333333333333,1.0933333333333333
Carcassonne,2024-12,2024-12-16 00:00:00,4.72258064516129,10.787096774193548,1.0193548387096774
Ariege,2024-01,2024-01-16 00:00:00,-0.29032258064516137,8.238709677419354,2.7161290322580647
Ariege,2024-02,2024-02-15 00:00:00,0.4482758620689655,9.03793103448276,5.572413793103448
Ariege,2024-03,2024-03-16 00:00:00,0.9258064516129032,10.625806451612902,4.129032258064516
Ariege,2024-04,2024-04-15 12:00:00,2.316666666666667,11.543333333333333,4.55
Ariege,2024-05,2024-05-16 00:00:00,5.096774193548387,12.654838709677419,5.300000000000001
Ariege,2024-06,2024-06-15 12:00:00,9.59,16.943333333333335,4.676666666666667
Ariege,2024-07,2024-07-16 00:00:00,12.129032258064516,21.37741935483871,4.006451612903225
Ariege,2024-08,2024-08-16 00:00:00,13.109677419354838,20.799999999999997,2.916129032258065
Ariege,2024-09,2024-09-15 12:00:00,7.693333333333333,15.01,5.243333333333334
Ariege,2024-10,2024-10-16 00:00:00,7.32258064516129,14.906451612903227,5.003225806451613
Ariege,2024-11,2024-11-15 12:00:00,3.5533333333333332,11.766666666666667,4.083333333333333
Ariege,2024-12,2024-12-16 00:00:00,-1.032258064516129,6.290322580645161,6.096774193548387
Toulouse,2024-01,2024-01-16 00:00:00,3.8419354838709676,10.832258064516129,1.8580645161290323
Toulouse,2024-02,2024-02-15 00:00:00,5.258620689655173,12.572413793103449,3.1655172413793102
Toulouse,2024-03,2024-03-16 00:00:00,6.800000000000001,15.87741935483871,2.9806451612903224
Toulouse,2024-04,2024-04-15 12:00:00,7.83,17.203333333333333,2.256666666666667
Toulouse,2024-05,2024-05-16 00:00:00,10.429032258064517,19.551612903225806,3.4451612903225803
Toulouse,2024-06,2024-06-15 12:00:00,14.986666666666668,24.413333333333334,3.4166666666666665
Toulouse,2024-07,2024-07-16 00:00:00,17.187096774193545,27.9,3.2161290322580642
Toulouse,2024-08,2024-08-16 00:00:00,17.548387096774192,28.21935483870968,1.3806451612903228
Toulouse,2024-09,2024-09-15 12:00:00,12.966666666666667,21.60666666666667,2.8433333333333333
Toulouse,2024-10,2024-10-16 00:00:00,12.609677419354838,20.26451612903226,3.1806451612903226
Toulouse,2024-11,2024-11-15 12:00:00,7.733333333333333,15.979999999999999,1.6933333333333331
Toulouse,2024-12,2024-12-16 00:00:00,3.8161290322580643,9.922580645161291,1.8096774193548386
Montauban,2024-01,2024-01-16 00:00:00,2.9935483870967743,10.029032258064515,1.5612903225806452
Montauban,2024-02,2024-02-15 00:00:00,4.986206896551724,12.365517241379312,3.472413793103448
Montauban,2024-03,2024-03-16 00:00:00,6.370967741935484,15.787096774193548,4.206451612903226
Montauban,2024-04,2024-04-15 12:00:00,7.576666666666667,17.62,2.7199999999999998
Montauban,2024-05,2024-05-16 00:00:00,10.254838709677419,19.61935483870968,3.809677419354839
Montauban,2024-06,2024-06-15 12:00:00,14.693333333333333,24.63,2.0166666666666666
Montauban,2024-07,2024-07-16 00:00:00,17.135483870967743,28.24516129032258,1.3806451612903226
Montauban,2024-08,2024-08-16 00:00:00,17.11935483870968,28.64516129032258,1.3548387096774193
Montauban,2024-09,2024-09-15 12:00:00,12.57,21.3,3.7966666666666664
Montauban,2024-10,2024-10-16 00:00:00,12.125806451612902,20.39032258064516,4.309677419354839
Montauban,2024-11,2024-11-15 12:00:00,6.786666666666666,16.193333333333335,1.7733333333333334
Montauban,2024-12,2024-12-16 00:00:00,2.7516129032258063,9.525806451612903,1.2161290322580647
Biarritz,2024-01,2024-01-16 00:00:00,5.064516129032258,13.32258064516129,3.1225806451612903
Biarritz,2024-02,2024-02-15 00:00:00,7.462068965517242,14.36896551724138,6.793103448275862
Biarritz,2024-03,2024-03-16 00:00:00,7.648387096774194,16.3,7.809677419354839
Biarritz,2024-04,2024-04-15 12:00:00,8.726666666666667,17.826666666666664,3.9699999999999998
Biarritz,2024-05,2024-05-16 00:00:00,10.980645161290322,18.53548387096774,4.5
Biarritz,2024-06,2024-06-15 12:00:00,14.596666666666666,21.39333333333333,4.086666666666667
Biarritz,2024-07,2024-07-16 00:00:00,16.580645161290324,24.345161290322583,1.3193548387096774
Biarritz,2024-08,2024-08-16 00:00:00,17.27741935483871,25.37741935483871,1.7709677419354841
Biarritz,2024-09,2024-09-15 12:00:00,13.603333333333333,20.7,7.9
Biarritz,2024-10,2024-10-16 00:00:00,12.651612903225805,21.083870967741937,5.874193548387097
Biarritz,2024-11,2024-11-15 12:00:00,8.863333333333333,17.71333333333333,3.73
Biarritz,2024-12,2024-12-16 00:00:00,5.990322580645161,12.241935483870968,4.906451612903226
Bayonne,2024-01,2024-01-16 00:00:00,5.512903225806451,13.764516129032257,3.1225806451612903
Bayonne,2024-02,2024-02-15 00:00:00,7.910344827586207,14.817241379310344,6.793103448275862
Bayonne,2024-03,2024-03-16 00:00:00,8.103225806451613,16.748387096774195,7.809677419354839
Bayonne,2024-04,2024-04-15 12:00:00,9.19,18.293333333333333,3.9699999999999998
Bayonne,2024-05,2024-05-16 00:00:00,11.416129032258064,18.98709677419355,4.5
Bayonne,2024-06,2024-06-15 12:00:00,15.046666666666665,21.84333333333333,4.086666666666667
Bayonne,2024-07,2024-07-16 00:00:00,17.0258064516129,24.796774193548387,1.3193548387096774
Bayonne,2024-08,2024-08-16 00:00:00,17.725806451612904,25.83225806451613,1.7709677419354841
Bayonne,2024-09,2024-09-15 12:00:00,14.05,21.163333333333334,7.9
Bayonne,2024-10,2024-10-16 00:00:00,13.09032258064516,21.529032258064515,5.874193548387097
Bayonne,2024-11,2024-11-15 12:00:00,9.31,18.176666666666666,3.73
Bayonne,2024-12,2024-12-16 00:00:00,6.445161290322581,12.696774193548388,4.906451612903226
La Rochelle,2024-01,2024-01-16 00:00:00,4.848387096774194,9.858064516129033,2.4967741935483874
La Rochelle,2024-02,2024-02-15 00:00:00,7.713793103448276,12.258620689655173,5.686206896551725
La Rochelle,2024-03,2024-03-16 00:00:00,7.996774193548387,13.158064516129032,3.906451612903226
La Rochelle,2024-04,2024-04-15 12:00:00,9.45,15.066666666666666,2.55
La Rochelle,2024-05,2024-05-16 00:00:00,12.170967741935485,17.15806451612903,4.361290322580645
La Rochelle,2024-06,2024-06-15 12:00:00,14.520000000000001,20.720000000000002,2.4866666666666664
La Rochelle,2024-07,2024-07-16 00:00:00,16.648387096774194,22.806451612903224,0.9258064516129032
La Rochelle,2024-08,2024-08-16 00:00:00,16.64516129032258,23.79032258064516,2.1225806451612903
La Rochelle,2024-09,2024-09-15 12:00:00,13.663333333333332,19.543333333333333,4.5600000000000005
La Rochelle,2024-10,2024-10-16 00:00:00,12.612903225806452,18.448387096774194,4.683870967741935
La Rochelle,2024-11,2024-11-15 12:00:00,8.979999999999999,15.193333333333333,1.95
La Rochelle,2024-12,2024-12-16 00:00:00,5.935483870967742,10.425806451612903,2.0483870967741935
